/*
 Navicat Oracle Data Transfer

 Source Server         : yangbin
 Source Server Type    : Oracle
 Source Server Version : 110200
 Source Host           : localhost:1521
 Source Schema         : YANGBIN

 Target Server Type    : Oracle
 Target Server Version : 110200
 File Encoding         : 65001

 Date: 01/07/2019 21:07:41
*/


-- ----------------------------
-- Table structure for COURSE
-- ----------------------------
DROP TABLE "YANGBIN"."COURSE";
CREATE TABLE "YANGBIN"."COURSE" (
  "CNO" VARCHAR2(20 BYTE) NOT NULL ,
  "CNAME" VARCHAR2(20 BYTE) NOT NULL ,
  "TNO" VARCHAR2(20 BYTE) NOT NULL 
)
TABLESPACE "JAVA01"
LOGGING
NOCOMPRESS
PCTFREE 10
INITRANS 1
STORAGE (
  INITIAL 65536 
  NEXT 1048576 
  MINEXTENTS 1
  MAXEXTENTS 2147483645
  BUFFER_POOL DEFAULT
)
PARALLEL 1
NOCACHE
DISABLE ROW MOVEMENT
;

-- ----------------------------
-- Records of COURSE
-- ----------------------------
INSERT INTO "YANGBIN"."COURSE" VALUES ('321', 'linux', '2016');
INSERT INTO "YANGBIN"."COURSE" VALUES ('322', 'oracle', '2017');
INSERT INTO "YANGBIN"."COURSE" VALUES ('121', 'java', '2019');
INSERT INTO "YANGBIN"."COURSE" VALUES ('122', 'html', '2018');
INSERT INTO "YANGBIN"."COURSE" VALUES ('123', 'css', '2017');
INSERT INTO "YANGBIN"."COURSE" VALUES ('124', 'mysql', '2016');

-- ----------------------------
-- Table structure for SCORE
-- ----------------------------
DROP TABLE "YANGBIN"."SCORE";
CREATE TABLE "YANGBIN"."SCORE" (
  "SNO" VARCHAR2(20 BYTE) NOT NULL ,
  "CNO" VARCHAR2(20 BYTE) NOT NULL ,
  "DEGREE" NUMBER(4,1) 
)
TABLESPACE "JAVA01"
LOGGING
NOCOMPRESS
PCTFREE 10
INITRANS 1
STORAGE (
  INITIAL 65536 
  NEXT 1048576 
  MINEXTENTS 1
  MAXEXTENTS 2147483645
  BUFFER_POOL DEFAULT
)
PARALLEL 1
NOCACHE
DISABLE ROW MOVEMENT
;

-- ----------------------------
-- Records of SCORE
-- ----------------------------
INSERT INTO "YANGBIN"."SCORE" VALUES ('2', '321', '77');
INSERT INTO "YANGBIN"."SCORE" VALUES ('1', '321', '66');
INSERT INTO "YANGBIN"."SCORE" VALUES ('4', '321', '89');
INSERT INTO "YANGBIN"."SCORE" VALUES ('5', '321', '88');
INSERT INTO "YANGBIN"."SCORE" VALUES ('3', '321', '88');
INSERT INTO "YANGBIN"."SCORE" VALUES ('1', '121', '85');
INSERT INTO "YANGBIN"."SCORE" VALUES ('1', '123', '88');
INSERT INTO "YANGBIN"."SCORE" VALUES ('1', '124', '66');
INSERT INTO "YANGBIN"."SCORE" VALUES ('2', '121', '96');
INSERT INTO "YANGBIN"."SCORE" VALUES ('2', '122', '86');
INSERT INTO "YANGBIN"."SCORE" VALUES ('2', '123', '89');
INSERT INTO "YANGBIN"."SCORE" VALUES ('2', '124', '78');
INSERT INTO "YANGBIN"."SCORE" VALUES ('3', '121', '64');
INSERT INTO "YANGBIN"."SCORE" VALUES ('3', '122', '43');
INSERT INTO "YANGBIN"."SCORE" VALUES ('3', '123', '82');
INSERT INTO "YANGBIN"."SCORE" VALUES ('3', '124', '85');
INSERT INTO "YANGBIN"."SCORE" VALUES ('4', '121', '88');
INSERT INTO "YANGBIN"."SCORE" VALUES ('4', '122', '59');
INSERT INTO "YANGBIN"."SCORE" VALUES ('4', '123', '86');
INSERT INTO "YANGBIN"."SCORE" VALUES ('4', '124', '88');

-- ----------------------------
-- Table structure for STUDENT
-- ----------------------------
DROP TABLE "YANGBIN"."STUDENT";
CREATE TABLE "YANGBIN"."STUDENT" (
  "SNO" VARCHAR2(20 BYTE) NOT NULL ,
  "SNAME" VARCHAR2(20 BYTE) NOT NULL ,
  "SSEX" VARCHAR2(20 BYTE) NOT NULL ,
  "SBIRTHDAY" DATE ,
  "CLASS" VARCHAR2(20 BYTE) 
)
TABLESPACE "JAVA01"
LOGGING
NOCOMPRESS
PCTFREE 10
INITRANS 1
STORAGE (
  INITIAL 65536 
  NEXT 1048576 
  MINEXTENTS 1
  MAXEXTENTS 2147483645
  BUFFER_POOL DEFAULT
)
PARALLEL 1
NOCACHE
DISABLE ROW MOVEMENT
;

-- ----------------------------
-- Records of STUDENT
-- ----------------------------
INSERT INTO "YANGBIN"."STUDENT" VALUES ('5', '小小辉', '男', TO_DATE('1999-08-01 00:00:00', 'SYYYY-MM-DD HH24:MI:SS'), '2');
INSERT INTO "YANGBIN"."STUDENT" VALUES ('1', '陈辉', '男', TO_DATE('1998-01-01 00:00:00', 'SYYYY-MM-DD HH24:MI:SS'), '1');
INSERT INTO "YANGBIN"."STUDENT" VALUES ('2', '小强', '男', TO_DATE('1996-08-01 00:00:00', 'SYYYY-MM-DD HH24:MI:SS'), '2');
INSERT INTO "YANGBIN"."STUDENT" VALUES ('3', '小鱼', '女', TO_DATE('1997-06-01 00:00:00', 'SYYYY-MM-DD HH24:MI:SS'), '1');
INSERT INTO "YANGBIN"."STUDENT" VALUES ('4', '小辉', '男', TO_DATE('1999-08-01 00:00:00', 'SYYYY-MM-DD HH24:MI:SS'), '2');

-- ----------------------------
-- Table structure for TEACHER
-- ----------------------------
DROP TABLE "YANGBIN"."TEACHER";
CREATE TABLE "YANGBIN"."TEACHER" (
  "TNO" VARCHAR2(20 BYTE) NOT NULL ,
  "TNAME" VARCHAR2(20 BYTE) NOT NULL ,
  "TSEX" VARCHAR2(20 BYTE) NOT NULL ,
  "TBIRTHDAY" DATE ,
  "PROF" VARCHAR2(20 BYTE) ,
  "DEPART" VARCHAR2(20 BYTE) NOT NULL 
)
TABLESPACE "JAVA01"
LOGGING
NOCOMPRESS
PCTFREE 10
INITRANS 1
STORAGE (
  INITIAL 65536 
  NEXT 1048576 
  MINEXTENTS 1
  MAXEXTENTS 2147483645
  BUFFER_POOL DEFAULT
)
PARALLEL 1
NOCACHE
DISABLE ROW MOVEMENT
;

-- ----------------------------
-- Records of TEACHER
-- ----------------------------
INSERT INTO "YANGBIN"."TEACHER" VALUES ('2019', '二强', '男', TO_DATE('1975-08-01 00:00:00', 'SYYYY-MM-DD HH24:MI:SS'), '教授', '开发部');
INSERT INTO "YANGBIN"."TEACHER" VALUES ('2018', '二辉', '女', TO_DATE('1969-08-01 00:00:00', 'SYYYY-MM-DD HH24:MI:SS'), '副教授', '研发部');
INSERT INTO "YANGBIN"."TEACHER" VALUES ('2017', '二鱼', '女', TO_DATE('1984-06-01 00:00:00', 'SYYYY-MM-DD HH24:MI:SS'), '讲师', '测试部');
INSERT INTO "YANGBIN"."TEACHER" VALUES ('2016', '三石', '男', TO_DATE('1981-08-01 00:00:00', 'SYYYY-MM-DD HH24:MI:SS'), '主任', '架构部');

-- ----------------------------
-- Primary Key structure for table COURSE
-- ----------------------------
ALTER TABLE "YANGBIN"."COURSE" ADD CONSTRAINT "SYS_C0011066" PRIMARY KEY ("CNO");

-- ----------------------------
-- Checks structure for table COURSE
-- ----------------------------
ALTER TABLE "YANGBIN"."COURSE" ADD CONSTRAINT "SYS_C0011063" CHECK ("CNO" IS NOT NULL) NOT DEFERRABLE INITIALLY IMMEDIATE NORELY VALIDATE;
ALTER TABLE "YANGBIN"."COURSE" ADD CONSTRAINT "SYS_C0011064" CHECK ("CNAME" IS NOT NULL) NOT DEFERRABLE INITIALLY IMMEDIATE NORELY VALIDATE;
ALTER TABLE "YANGBIN"."COURSE" ADD CONSTRAINT "SYS_C0011065" CHECK ("TNO" IS NOT NULL) NOT DEFERRABLE INITIALLY IMMEDIATE NORELY VALIDATE;

-- ----------------------------
-- Primary Key structure for table SCORE
-- ----------------------------
ALTER TABLE "YANGBIN"."SCORE" ADD CONSTRAINT "SYS_C0011070" PRIMARY KEY ("SNO", "CNO");

-- ----------------------------
-- Checks structure for table SCORE
-- ----------------------------
ALTER TABLE "YANGBIN"."SCORE" ADD CONSTRAINT "SYS_C0011068" CHECK ("SNO" IS NOT NULL) NOT DEFERRABLE INITIALLY IMMEDIATE NORELY VALIDATE;
ALTER TABLE "YANGBIN"."SCORE" ADD CONSTRAINT "SYS_C0011069" CHECK ("CNO" IS NOT NULL) NOT DEFERRABLE INITIALLY IMMEDIATE NORELY VALIDATE;

-- ----------------------------
-- Primary Key structure for table STUDENT
-- ----------------------------
ALTER TABLE "YANGBIN"."STUDENT" ADD CONSTRAINT "SYS_C0011057" PRIMARY KEY ("SNO");

-- ----------------------------
-- Checks structure for table STUDENT
-- ----------------------------
ALTER TABLE "YANGBIN"."STUDENT" ADD CONSTRAINT "SYS_C0011054" CHECK ("SNO" IS NOT NULL) NOT DEFERRABLE INITIALLY IMMEDIATE NORELY VALIDATE;
ALTER TABLE "YANGBIN"."STUDENT" ADD CONSTRAINT "SYS_C0011055" CHECK ("SNAME" IS NOT NULL) NOT DEFERRABLE INITIALLY IMMEDIATE NORELY VALIDATE;
ALTER TABLE "YANGBIN"."STUDENT" ADD CONSTRAINT "SYS_C0011056" CHECK ("SSEX" IS NOT NULL) NOT DEFERRABLE INITIALLY IMMEDIATE NORELY VALIDATE;

-- ----------------------------
-- Primary Key structure for table TEACHER
-- ----------------------------
ALTER TABLE "YANGBIN"."TEACHER" ADD CONSTRAINT "SYS_C0011062" PRIMARY KEY ("TNO");

-- ----------------------------
-- Checks structure for table TEACHER
-- ----------------------------
ALTER TABLE "YANGBIN"."TEACHER" ADD CONSTRAINT "SYS_C0011058" CHECK ("TNO" IS NOT NULL) NOT DEFERRABLE INITIALLY IMMEDIATE NORELY VALIDATE;
ALTER TABLE "YANGBIN"."TEACHER" ADD CONSTRAINT "SYS_C0011059" CHECK ("TNAME" IS NOT NULL) NOT DEFERRABLE INITIALLY IMMEDIATE NORELY VALIDATE;
ALTER TABLE "YANGBIN"."TEACHER" ADD CONSTRAINT "SYS_C0011060" CHECK ("TSEX" IS NOT NULL) NOT DEFERRABLE INITIALLY IMMEDIATE NORELY VALIDATE;
ALTER TABLE "YANGBIN"."TEACHER" ADD CONSTRAINT "SYS_C0011061" CHECK ("DEPART" IS NOT NULL) NOT DEFERRABLE INITIALLY IMMEDIATE NORELY VALIDATE;

-- ----------------------------
-- Foreign Keys structure for table COURSE
-- ----------------------------
ALTER TABLE "YANGBIN"."COURSE" ADD CONSTRAINT "SYS_C0011067" FOREIGN KEY ("TNO") REFERENCES "YANGBIN"."TEACHER" ("TNO") NOT DEFERRABLE INITIALLY IMMEDIATE NORELY VALIDATE;

-- ----------------------------
-- Foreign Keys structure for table SCORE
-- ----------------------------
ALTER TABLE "YANGBIN"."SCORE" ADD CONSTRAINT "SYS_C0011071" FOREIGN KEY ("SNO") REFERENCES "YANGBIN"."STUDENT" ("SNO") NOT DEFERRABLE INITIALLY IMMEDIATE NORELY VALIDATE;
ALTER TABLE "YANGBIN"."SCORE" ADD CONSTRAINT "SYS_C0011072" FOREIGN KEY ("CNO") REFERENCES "YANGBIN"."COURSE" ("CNO") NOT DEFERRABLE INITIALLY IMMEDIATE NORELY VALIDATE;
